<?xml version="1.0" encoding="UTF-8" ?>

<container xmlns="http://symfony.com/schema/dic/services"
    xmlns:xsi="http://www.w3.org/2001/XMLSchema-instance"
    xsi:schemaLocation="http://symfony.com/schema/dic/services http://symfony.com/schema/dic/services/services-1.0.xsd">

    <parameters>
        <parameter key="fos_user.group_manager.class">FOS\UserBundle\Document\GroupManager</parameter>
    </parameters>

    <services>
        <service id="fos_user.group_manager.default" class="%fos_user.group_manager.class%" public="false">
            <argument type="service" id="fos_user.document_manager" />
            <argument>%fos_user.model.group.class%</argument>
        </service>
    </services>

</container>
