<?xml version="1.0" encoding="UTF-8"?>

<container xmlns="http://symfony.com/schema/dic/services"
    xmlns:xsi="http://www.w3.org/2001/XMLSchema-instance"
    xsi:schemaLocation="http://symfony.com/schema/dic/services http://symfony.com/schema/dic/services/services-1.0.xsd">

    <parameters>
        <parameter key="fos_user.security.interactive_login_listener.class">FOS\UserBundle\Security\InteractiveLoginListener</parameter>
    </parameters>

    <services>
        <service id="fos_user.security.interactive_login_listener" class="%fos_user.security.interactive_login_listener.class%">
            <argument type="service" id="fos_user.user_manager" />
            <tag name="kernel.event_listener" event="security.interactive_login" method="onSecurityInteractiveLogin" />
        </service>

        <service id="fos_user.user_checker" alias="security.user_checker" />
    </services>

</container>
