<?xml version="1.0" encoding="UTF-8" ?>

<routes xmlns="http://symfony.com/schema/routing"
    xmlns:xsi="http://www.w3.org/2001/XMLSchema-instance"
    xsi:schemaLocation="http://symfony.com/schema/routing http://symfony.com/schema/routing/routing-1.0.xsd">

    <route id="fos_user_group_list" pattern="/list">
        <default key="_controller">FOSUserBundle:Group:list</default>
        <requirement key="_method">GET</requirement>
    </route>

    <route id="fos_user_group_new" pattern="/new">
        <default key="_controller">FOSUserBundle:Group:new</default>
    </route>

    <route id="fos_user_group_show" pattern="/{groupname}">
        <default key="_controller">FOSUserBundle:Group:show</default>
        <requirement key="_method">GET</requirement>
    </route>

    <route id="fos_user_group_edit" pattern="/{groupname}/edit">
        <default key="_controller">FOSUserBundle:Group:edit</default>
    </route>

    <route id="fos_user_group_delete" pattern="/{groupname}/delete">
        <default key="_controller">FOSUserBundle:Group:delete</default>
        <requirement key="_method">GET</requirement>
    </route>

</routes>
