<?xml version="1.0" encoding="UTF-8" ?>

<routes xmlns="http://symfony.com/schema/routing"
    xmlns:xsi="http://www.w3.org/2001/XMLSchema-instance"
    xsi:schemaLocation="http://symfony.com/schema/routing http://symfony.com/schema/routing/routing-1.0.xsd">

    <route id="fos_user_security_login" pattern="/login">
        <default key="_controller">FOSUserBundle:Security:login</default>
    </route>

    <route id="fos_user_security_check" pattern="/login_check">
        <default key="_controller">FOSUserBundle:Security:check</default>
    </route>

    <route id="fos_user_security_logout" pattern="/logout">
        <default key="_controller">FOSUserBundle:Security:logout</default>
    </route>

</routes>
